Timestamp (s),Raw-A-0 (m),Raw-A-1 (m),KF-A-0 (m),KF-A-1 (m),MiddlePoint (m),Expected (m), Method, Mode
Time: 200.29s | Raw0: 0.34 m | Raw1: 0.27 m | Filtered0: 0.320354 m | Filtered1: 0.286790 m | Middle: 0.315531 m | Expected: 0.313790 m | Method: direct | Mode: TEST
Time: 200.41s | Raw0: 0.34 m | Raw1: 0.27 m | Filtered0: 0.321346 m | Filtered1: 0.286167 m | Middle: 0.316055 m | Expected: 0.313790 m | Method: direct | Mode: TEST
Time: 201.40s | Raw0: 0.34 m | Raw1: 0.27 m | Filtered0: 0.322280 m | Filtered1: 0.285583 m | Middle: 0.316528 m | Expected: 0.313790 m | Method: direct | Mode: TEST
Time: 201.52s | Raw0: 0.34 m | Raw1: 0.28 m | Filtered0: 0.323156 m | Filtered1: 0.285542 m | Middle: 0.317110 m | Expected: 0.313790 m | Method: direct | Mode: TEST
Time: 202.82s | Raw0: 0.33 m | Raw1: 0.28 m | Filtered0: 0.323416 m | Filtered1: 0.285506 m | Middle: 0.317274 m | Expected: 0.313790 m | Method: direct | Mode: TEST
Time: 202.94s | Raw0: 0.33 m | Raw1: 0.28 m | Filtered0: 0.323651 m | Filtered1: 0.285473 m | Middle: 0.317422 m | Expected: 0.313790 m | Method: direct | Mode: TEST
Time: 203.93s | Raw0: 0.33 m | Raw1: 0.28 m | Filtered0: 0.323866 m | Filtered1: 0.285442 m | Middle: 0.317556 m | Expected: 0.313790 m | Method: direct | Mode: TEST
Time: 204.05s | Raw0: 0.33 m | Raw1: 0.28 m | Filtered0: 0.324062 m | Filtered1: 0.285414 m | Middle: 0.317678 m | Expected: 0.313790 m | Method: direct | Mode: TEST
Time: 205.35s | Raw0: 0.33 m | Raw1: 0.28 m | Filtered0: 0.324243 m | Filtered1: 0.285389 m | Middle: 0.317790 m | Expected: 0.313790 m | Method: direct | Mode: TEST
Time: 205.47s | Raw0: 0.33 m | Raw1: 0.28 m | Filtered0: 0.324408 m | Filtered1: 0.285365 m | Middle: 0.317892 m | Expected: 0.313790 m | Method: direct | Mode: TEST
Time: 206.46s | Raw0: 0.33 m | Raw1: 0.28 m | Filtered0: 0.324561 m | Filtered1: 0.285343 m | Middle: 0.317986 m | Expected: 0.313790 m | Method: direct | Mode: TEST
Time: 206.58s | Raw0: 0.33 m | Raw1: 0.28 m | Filtered0: 0.324703 m | Filtered1: 0.285323 m | Middle: 0.318073 m | Expected: 0.313790 m | Method: direct | Mode: TEST
Time: 207.88s | Raw0: 0.33 m | Raw1: 0.28 m | Filtered0: 0.324835 m | Filtered1: 0.285304 m | Middle: 0.318154 m | Expected: 0.313790 m | Method: direct | Mode: TEST
Time: 207.99s | Raw0: 0.33 m | Raw1: 0.28 m | Filtered0: 0.324957 m | Filtered1: 0.285286 m | Middle: 0.318229 m | Expected: 0.313790 m | Method: direct | Mode: TEST
Time: 208.99s | Raw0: 0.33 m | Raw1: 0.28 m | Filtered0: 0.325071 m | Filtered1: 0.285270 m | Middle: 0.318298 m | Expected: 0.313790 m | Method: direct | Mode: TEST
Time: 209.11s | Raw0: 0.33 m | Raw1: 0.27 m | Filtered0: 0.325178 m | Filtered1: 0.284929 m | Middle: 0.318258 m | Expected: 0.313790 m | Method: direct | Mode: TEST
Time: 210.41s | Raw0: 0.33 m | Raw1: 0.27 m | Filtered0: 0.325278 m | Filtered1: 0.284592 m | Middle: 0.318212 m | Expected: 0.313790 m | Method: direct | Mode: TEST
Time: 210.52s | Raw0: 0.33 m | Raw1: 0.27 m | Filtered0: 0.325371 m | Filtered1: 0.284257 m | Middle: 0.318163 m | Expected: 0.313790 m | Method: direct | Mode: TEST
Time: 211.52s | Raw0: 0.34 m | Raw1: 0.27 m | Filtered0: 0.325823 m | Filtered1: 0.283929 m | Middle: 0.318343 m | Expected: 0.313790 m | Method: direct | Mode: TEST
Time: 211.64s | Raw0: 0.34 m | Raw1: 0.27 m | Filtered0: 0.326270 m | Filtered1: 0.283606 m | Middle: 0.318517 m | Expected: 0.313790 m | Method: direct | Mode: TEST
Time: 212.94s | Raw0: 0.34 m | Raw1: 0.27 m | Filtered0: 0.326710 m | Filtered1: 0.283291 m | Middle: 0.318684 m | Expected: 0.313790 m | Method: direct | Mode: TEST
Time: 213.06s | Raw0: 0.34 m | Raw1: 0.27 m | Filtered0: 0.327140 m | Filtered1: 0.282985 m | Middle: 0.318843 m | Expected: 0.313790 m | Method: direct | Mode: TEST
Time: 214.05s | Raw0: 0.34 m | Raw1: 0.27 m | Filtered0: 0.327558 m | Filtered1: 0.282687 m | Middle: 0.318995 m | Expected: 0.313790 m | Method: direct | Mode: TEST
Time: 214.17s | Raw0: 0.34 m | Raw1: 0.27 m | Filtered0: 0.327965 m | Filtered1: 0.282399 m | Middle: 0.319138 m | Expected: 0.313790 m | Method: direct | Mode: TEST
Time: 215.47s | Raw0: 0.34 m | Raw1: 0.27 m | Filtered0: 0.328358 m | Filtered1: 0.282120 m | Middle: 0.319273 m | Expected: 0.313790 m | Method: direct | Mode: TEST
Time: 215.59s | Raw0: 0.34 m | Raw1: 0.28 m | Filtered0: 0.328737 m | Filtered1: 0.282218 m | Middle: 0.319536 m | Expected: 0.313790 m | Method: direct | Mode: TEST
Time: 216.58s | Raw0: 0.34 m | Raw1: 0.28 m | Filtered0: 0.329102 m | Filtered1: 0.282310 m | Middle: 0.319788 m | Expected: 0.313790 m | Method: direct | Mode: TEST
Time: 216.70s | Raw0: 0.34 m | Raw1: 0.29 m | Filtered0: 0.329453 m | Filtered1: 0.282748 m | Middle: 0.320160 m | Expected: 0.313790 m | Method: direct | Mode: TEST
Time: 218.00s | Raw0: 0.34 m | Raw1: 0.29 m | Filtered0: 0.329789 m | Filtered1: 0.283184 m | Middle: 0.320522 m | Expected: 0.313790 m | Method: direct | Mode: TEST
Time: 218.12s | Raw0: 0.34 m | Raw1: 0.28 m | Filtered0: 0.330111 m | Filtered1: 0.283243 m | Middle: 0.320736 m | Expected: 0.313790 m | Method: direct | Mode: TEST
Time: 219.21s | Raw0: 0.34 m | Raw1: 0.28 m | Filtered0: 0.330419 m | Filtered1: 0.283299 m | Middle: 0.320939 m | Expected: 0.313790 m | Method: direct | Mode: TEST
Time: 219.33s | Raw0: 0.34 m | Raw1: 0.28 m | Filtered0: 0.330713 m | Filtered1: 0.283351 m | Middle: 0.321132 m | Expected: 0.313790 m | Method: direct | Mode: TEST
Time: 220.53s | Raw0: 0.33 m | Raw1: 0.28 m | Filtered0: 0.330597 m | Filtered1: 0.283400 m | Middle: 0.321082 m | Expected: 0.313790 m | Method: direct | Mode: TEST
Time: 220.65s | Raw0: 0.33 m | Raw1: 0.28 m | Filtered0: 0.330489 m | Filtered1: 0.283447 m | Middle: 0.321035 m | Expected: 0.313790 m | Method: direct | Mode: TEST
Time: 221.74s | Raw0: 0.33 m | Raw1: 0.28 m | Filtered0: 0.330387 m | Filtered1: 0.283490 m | Middle: 0.320991 m | Expected: 0.313790 m | Method: direct | Mode: TEST
Time: 221.86s | Raw0: 0.33 m | Raw1: 0.28 m | Filtered0: 0.330291 m | Filtered1: 0.283531 m | Middle: 0.320950 m | Expected: 0.313790 m | Method: direct | Mode: TEST
Time: 223.05s | Raw0: 0.34 m | Raw1: 0.28 m | Filtered0: 0.330561 m | Filtered1: 0.283570 m | Middle: 0.321125 m | Expected: 0.313790 m | Method: direct | Mode: TEST
Time: 223.18s | Raw0: 0.34 m | Raw1: 0.28 m | Filtered0: 0.330822 m | Filtered1: 0.283607 m | Middle: 0.321292 m | Expected: 0.313790 m | Method: direct | Mode: TEST
Time: 224.27s | Raw0: 0.34 m | Raw1: 0.28 m | Filtered0: 0.331074 m | Filtered1: 0.283642 m | Middle: 0.321454 m | Expected: 0.313790 m | Method: direct | Mode: TEST
Time: 224.39s | Raw0: 0.34 m | Raw1: 0.28 m | Filtered0: 0.331317 m | Filtered1: 0.283675 m | Middle: 0.321608 m | Expected: 0.313790 m | Method: direct | Mode: TEST
Time: 225.59s | Raw0: 0.34 m | Raw1: 0.28 m | Filtered0: 0.331550 m | Filtered1: 0.283707 m | Middle: 0.321757 m | Expected: 0.313790 m | Method: direct | Mode: TEST
Time: 225.70s | Raw0: 0.34 m | Raw1: 0.28 m | Filtered0: 0.331775 m | Filtered1: 0.283737 m | Middle: 0.321899 m | Expected: 0.313790 m | Method: direct | Mode: TEST
Time: 226.80s | Raw0: 0.34 m | Raw1: 0.28 m | Filtered0: 0.331991 m | Filtered1: 0.283766 m | Middle: 0.322035 m | Expected: 0.313790 m | Method: direct | Mode: TEST
Time: 226.92s | Raw0: 0.34 m | Raw1: 0.28 m | Filtered0: 0.332198 m | Filtered1: 0.283793 m | Middle: 0.322165 m | Expected: 0.313790 m | Method: direct | Mode: TEST
Time: 228.22s | Raw0: 0.34 m | Raw1: 0.28 m | Filtered0: 0.332396 m | Filtered1: 0.283819 m | Middle: 0.322290 m | Expected: 0.313790 m | Method: direct | Mode: TEST
Time: 228.34s | Raw0: 0.34 m | Raw1: 0.27 m | Filtered0: 0.332587 m | Filtered1: 0.283587 m | Middle: 0.322308 m | Expected: 0.313790 m | Method: direct | Mode: TEST
Time: 229.33s | Raw0: 0.34 m | Raw1: 0.27 m | Filtered0: 0.332769 m | Filtered1: 0.283352 m | Middle: 0.322320 m | Expected: 0.313790 m | Method: direct | Mode: TEST
Time: 229.45s | Raw0: 0.34 m | Raw1: 0.28 m | Filtered0: 0.332944 m | Filtered1: 0.283392 m | Middle: 0.322435 m | Expected: 0.313790 m | Method: direct | Mode: TEST
Time: 230.75s | Raw0: 0.34 m | Raw1: 0.28 m | Filtered0: 0.333111 m | Filtered1: 0.283430 m | Middle: 0.322544 m | Expected: 0.313790 m | Method: direct | Mode: TEST
Time: 230.87s | Raw0: 0.34 m | Raw1: 0.28 m | Filtered0: 0.333271 m | Filtered1: 0.283466 m | Middle: 0.322649 m | Expected: 0.313790 m | Method: direct | Mode: TEST
Time: 231.86s | Raw0: 0.34 m | Raw1: 0.28 m | Filtered0: 0.333425 m | Filtered1: 0.283501 m | Middle: 0.322750 m | Expected: 0.313790 m | Method: direct | Mode: TEST
Time: 231.98s | Raw0: 0.34 m | Raw1: 0.29 m | Filtered0: 0.333572 m | Filtered1: 0.283792 m | Middle: 0.322949 m | Expected: 0.313790 m | Method: direct | Mode: TEST
Time: 233.28s | Raw0: 0.34 m | Raw1: 0.29 m | Filtered0: 0.333713 m | Filtered1: 0.284092 m | Middle: 0.323148 m | Expected: 0.313790 m | Method: direct | Mode: TEST
Time: 233.40s | Raw0: 0.34 m | Raw1: 0.30 m | Filtered0: 0.333847 m | Filtered1: 0.284684 m | Middle: 0.323459 m | Expected: 0.313790 m | Method: direct | Mode: TEST
Time: 234.39s | Raw0: 0.32 m | Raw1: 0.30 m | Filtered0: 0.333322 m | Filtered1: 0.285318 m | Middle: 0.323406 m | Expected: 0.313790 m | Method: direct | Mode: TEST
Time: 234.51s | Raw0: 0.32 m | Raw1: 0.31 m | Filtered0: 0.332784 m | Filtered1: 0.286327 m | Middle: 0.323476 m | Expected: 0.313790 m | Method: direct | Mode: TEST
Time: 235.80s | Raw0: 0.32 m | Raw1: 0.31 m | Filtered0: 0.332241 m | Filtered1: 0.287420 m | Middle: 0.323555 m | Expected: 0.313790 m | Method: direct | Mode: TEST
Time: 235.93s | Raw0: 0.32 m | Raw1: 0.32 m | Filtered0: 0.331697 m | Filtered1: 0.288991 m | Middle: 0.323782 m | Expected: 0.313790 m | Method: direct | Mode: TEST
Time: 236.92s | Raw0: 0.31 m | Raw1: 0.32 m | Filtered0: 0.330768 m | Filtered1: 0.290669 m | Middle: 0.323763 m | Expected: 0.313790 m | Method: direct | Mode: TEST
Time: 237.04s | Raw0: 0.31 m | Raw1: 0.33 m | Filtered0: 0.329811 m | Filtered1: 0.292918 m | Middle: 0.323848 m | Expected: 0.313790 m | Method: direct | Mode: TEST
Time: 238.33s | Raw0: 0.31 m | Raw1: 0.33 m | Filtered0: 0.328841 m | Filtered1: 0.295264 m | Middle: 0.323873 m | Expected: 0.313790 m | Method: direct | Mode: TEST
Time: 238.45s | Raw0: 0.31 m | Raw1: 0.34 m | Filtered0: 0.327873 m | Filtered1: 0.298240 m | Middle: 0.323973 m | Expected: 0.313790 m | Method: direct | Mode: TEST
Time: 239.45s | Raw0: 0.31 m | Raw1: 0.34 m | Filtered0: 0.326916 m | Filtered1: 0.301260 m | Middle: 0.323969 m | Expected: 0.313790 m | Method: direct | Mode: TEST
Time: 239.57s | Raw0: 0.31 m | Raw1: 0.34 m | Filtered0: 0.325979 m | Filtered1: 0.304244 m | Middle: 0.323847 m | Expected: 0.313790 m | Method: direct | Mode: TEST
Time: 240.86s | Raw0: 0.32 m | Raw1: 0.34 m | Filtered0: 0.325570 m | Filtered1: 0.307131 m | Middle: 0.324023 m | Expected: 0.313790 m | Method: direct | Mode: TEST
Time: 240.98s | Raw0: 0.32 m | Raw1: 0.34 m | Filtered0: 0.325189 m | Filtered1: 0.309880 m | Middle: 0.324114 m | Expected: 0.313790 m | Method: direct | Mode: TEST
Time: 241.98s | Raw0: 0.32 m | Raw1: 0.34 m | Filtered0: 0.324833 m | Filtered1: 0.312465 m | Middle: 0.324126 m | Expected: 0.313790 m | Method: direct | Mode: TEST
Time: 242.10s | Raw0: 0.32 m | Raw1: 0.34 m | Filtered0: 0.324502 m | Filtered1: 0.314873 m | Middle: 0.324070 m | Expected: 0.313790 m | Method: direct | Mode: TEST
Time: 243.39s | Raw0: 0.32 m | Raw1: 0.34 m | Filtered0: 0.324191 m | Filtered1: 0.317102 m | Middle: 0.323956 m | Expected: 0.313790 m | Method: direct | Mode: TEST
Time: 243.51s | Raw0: 0.32 m | Raw1: 0.33 m | Filtered0: 0.323901 m | Filtered1: 0.318413 m | Middle: 0.323759 m | Expected: 0.313790 m | Method: direct | Mode: TEST
Time: 244.51s | Raw0: 0.33 m | Raw1: 0.33 m | Filtered0: 0.324074 m | Filtered1: 0.319589 m | Middle: 0.323979 m | Expected: 0.313790 m | Method: direct | Mode: TEST
Time: 244.63s | Raw0: 0.33 m | Raw1: 0.33 m | Filtered0: 0.324235 m | Filtered1: 0.320648 m | Middle: 0.324174 m | Expected: 0.313790 m | Method: direct | Mode: TEST
Time: 245.92s | Raw0: 0.33 m | Raw1: 0.33 m | Filtered0: 0.324385 m | Filtered1: 0.321604 m | Middle: 0.324348 m | Expected: 0.313790 m | Method: direct | Mode: TEST
Time: 246.04s | Raw0: 0.33 m | Raw1: 0.32 m | Filtered0: 0.324524 m | Filtered1: 0.321813 m | Middle: 0.324489 m | Expected: 0.313790 m | Method: direct | Mode: TEST
Time: 247.14s | Raw0: 0.32 m | Raw1: 0.32 m | Filtered0: 0.324255 m | Filtered1: 0.321998 m | Middle: 0.324230 m | Expected: 0.313790 m | Method: direct | Mode: TEST
Time: 247.26s | Raw0: 0.32 m | Raw1: 0.30 m | Filtered0: 0.323998 m | Filtered1: 0.320983 m | Middle: 0.323955 m | Expected: 0.313790 m | Method: direct | Mode: TEST
Time: 248.45s | Raw0: 0.31 m | Raw1: 0.30 m | Filtered0: 0.323360 m | Filtered1: 0.320035 m | Middle: 0.323308 m | Expected: 0.313790 m | Method: direct | Mode: TEST
Time: 248.57s | Raw0: 0.31 m | Raw1: 0.28 m | Filtered0: 0.322726 m | Filtered1: 0.317989 m | Middle: 0.322621 m | Expected: 0.313790 m | Method: direct | Mode: TEST
Time: 249.66s | Raw0: 0.30 m | Raw1: 0.28 m | Filtered0: 0.321682 m | Filtered1: 0.315973 m | Middle: 0.321530 m | Expected: 0.313790 m | Method: direct | Mode: TEST
Time: 249.79s | Raw0: 0.30 m | Raw1: 0.27 m | Filtered0: 0.320617 m | Filtered1: 0.313388 m | Middle: 0.320375 m | Expected: 0.313790 m | Method: direct | Mode: TEST
Time: 250.98s | Raw0: 0.28 m | Raw1: 0.27 m | Filtered0: 0.318611 m | Filtered1: 0.310846 m | Middle: 0.318334 m | Expected: 0.313790 m | Method: direct | Mode: TEST
Time: 251.10s | Raw0: 0.28 m | Raw1: 0.26 m | Filtered0: 0.316483 m | Filtered1: 0.307710 m | Middle: 0.316133 m | Expected: 0.313790 m | Method: direct | Mode: TEST
Time: 252.20s | Raw0: 0.27 m | Raw1: 0.26 m | Filtered0: 0.313732 m | Filtered1: 0.304654 m | Middle: 0.313361 m | Expected: 0.313790 m | Method: direct | Mode: TEST
Time: 252.32s | Raw0: 0.27 m | Raw1: 0.26 m | Filtered0: 0.310901 m | Filtered1: 0.301729 m | Middle: 0.310526 m | Expected: 0.313790 m | Method: direct | Mode: TEST
Time: 253.51s | Raw0: 0.27 m | Raw1: 0.26 m | Filtered0: 0.308071 m | Filtered1: 0.298968 m | Middle: 0.307705 m | Expected: 0.313790 m | Method: direct | Mode: TEST
Time: 253.63s | Raw0: 0.27 m | Raw1: 0.27 m | Filtered0: 0.305306 m | Filtered1: 0.297145 m | Middle: 0.305013 m | Expected: 0.313790 m | Method: direct | Mode: TEST
Time: 254.73s | Raw0: 0.27 m | Raw1: 0.27 m | Filtered0: 0.302651 m | Filtered1: 0.295491 m | Middle: 0.302428 m | Expected: 0.313790 m | Method: direct | Mode: TEST
Time: 254.85s | Raw0: 0.27 m | Raw1: 0.27 m | Filtered0: 0.300137 m | Filtered1: 0.293991 m | Middle: 0.299973 m | Expected: 0.313790 m | Method: direct | Mode: TEST
Time: 256.14s | Raw0: 0.27 m | Raw1: 0.27 m | Filtered0: 0.297780 m | Filtered1: 0.292630 m | Middle: 0.297665 m | Expected: 0.313790 m | Method: direct | Mode: TEST
Time: 256.26s | Raw0: 0.27 m | Raw1: 0.26 m | Filtered0: 0.295588 m | Filtered1: 0.290701 m | Middle: 0.295485 m | Expected: 0.313790 m | Method: direct | Mode: TEST
Time: 257.26s | Raw0: 0.27 m | Raw1: 0.26 m | Filtered0: 0.293561 m | Filtered1: 0.288905 m | Middle: 0.293468 m | Expected: 0.313790 m | Method: direct | Mode: TEST
Time: 257.38s | Raw0: 0.27 m | Raw1: 0.27 m | Filtered0: 0.291694 m | Filtered1: 0.287931 m | Middle: 0.291634 m | Expected: 0.313790 m | Method: direct | Mode: TEST
Time: 258.67s | Raw0: 0.27 m | Raw1: 0.27 m | Filtered0: 0.289981 m | Filtered1: 0.287052 m | Middle: 0.289945 m | Expected: 0.313790 m | Method: direct | Mode: TEST
Time: 258.79s | Raw0: 0.27 m | Raw1: 0.27 m | Filtered0: 0.288412 m | Filtered1: 0.286257 m | Middle: 0.288392 m | Expected: 0.313790 m | Method: direct | Mode: TEST
Time: 259.78s | Raw0: 0.27 m | Raw1: 0.27 m | Filtered0: 0.286976 m | Filtered1: 0.285536 m | Middle: 0.286967 m | Expected: 0.313790 m | Method: direct | Mode: TEST
Time: 259.90s | Raw0: 0.27 m | Raw1: 0.27 m | Filtered0: 0.285662 m | Filtered1: 0.284880 m | Middle: 0.285660 m | Expected: 0.313790 m | Method: direct | Mode: TEST
Time: 261.20s | Raw0: 0.27 m | Raw1: 0.27 m | Filtered0: 0.284462 m | Filtered1: 0.284281 m | Middle: 0.284461 m | Expected: 0.313790 m | Method: direct | Mode: TEST
Time: 261.32s | Raw0: 0.27 m | Raw1: 0.26 m | Filtered0: 0.283363 m | Filtered1: 0.283156 m | Middle: 0.283363 m | Expected: 0.313790 m | Method: direct | Mode: TEST
Time: 262.32s | Raw0: 0.27 m | Raw1: 0.26 m | Filtered0: 0.282358 m | Filtered1: 0.282094 m | Middle: 0.282358 m | Expected: 0.313790 m | Method: direct | Mode: TEST
Time: 262.43s | Raw0: 0.27 m | Raw1: 0.27 m | Filtered0: 0.281438 m | Filtered1: 0.281672 m | Middle: 0.281438 m | Expected: 0.313790 m | Method: direct | Mode: TEST
Time: 263.73s | Raw0: 0.27 m | Raw1: 0.27 m | Filtered0: 0.280594 m | Filtered1: 0.281288 m | Middle: 0.280592 m | Expected: 0.313790 m | Method: direct | Mode: TEST
Time: 263.85s | Raw0: 0.27 m | Raw1: 0.26 m | Filtered0: 0.279819 m | Filtered1: 0.280396 m | Middle: 0.279818 m | Expected: 0.313790 m | Method: direct | Mode: TEST
Time: 264.85s | Raw0: 0.27 m | Raw1: 0.26 m | Filtered0: 0.279107 m | Filtered1: 0.279552 m | Middle: 0.279106 m | Expected: 0.313790 m | Method: direct | Mode: TEST
Time: 264.97s | Raw0: 0.27 m | Raw1: 0.26 m | Filtered0: 0.278452 m | Filtered1: 0.278756 m | Middle: 0.278452 m | Expected: 0.313790 m | Method: direct | Mode: TEST
Time: 266.26s | Raw0: 0.27 m | Raw1: 0.26 m | Filtered0: 0.277848 m | Filtered1: 0.278006 m | Middle: 0.277848 m | Expected: 0.313790 m | Method: direct | Mode: TEST
Time: 266.38s | Raw0: 0.27 m | Raw1: 0.27 m | Filtered0: 0.277291 m | Filtered1: 0.277835 m | Middle: 0.277290 m | Expected: 0.313790 m | Method: direct | Mode: TEST
Time: 267.37s | Raw0: 0.27 m | Raw1: 0.27 m | Filtered0: 0.276776 m | Filtered1: 0.277679 m | Middle: 0.276773 m | Expected: 0.313790 m | Method: direct | Mode: TEST
Time: 267.49s | Raw0: 0.27 m | Raw1: 0.27 m | Filtered0: 0.276300 m | Filtered1: 0.277537 m | Middle: 0.276293 m | Expected: 0.313790 m | Method: direct | Mode: TEST
Time: 268.79s | Raw0: 0.26 m | Raw1: 0.27 m | Filtered0: 0.275339 m | Filtered1: 0.277406 m | Middle: 0.275322 m | Expected: 0.313790 m | Method: direct | Mode: TEST
Time: 268.91s | Raw0: 0.26 m | Raw1: 0.28 m | Filtered0: 0.274418 m | Filtered1: 0.277744 m | Middle: 0.274373 m | Expected: 0.313790 m | Method: direct | Mode: TEST
Time: 269.90s | Raw0: 0.26 m | Raw1: 0.28 m | Filtered0: 0.273539 m | Filtered1: 0.278061 m | Middle: 0.273456 m | Expected: 0.313790 m | Method: direct | Mode: TEST
Time: 270.02s | Raw0: 0.26 m | Raw1: 0.28 m | Filtered0: 0.272704 m | Filtered1: 0.278359 m | Middle: 0.272573 m | Expected: 0.313790 m | Method: direct | Mode: TEST
Time: 271.32s | Raw0: 0.26 m | Raw1: 0.28 m | Filtered0: 0.271913 m | Filtered1: 0.278640 m | Middle: 0.271727 m | Expected: 0.313790 m | Method: direct | Mode: TEST
Time: 271.44s | Raw0: 0.26 m | Raw1: 0.28 m | Filtered0: 0.271166 m | Filtered1: 0.278904 m | Middle: 0.270919 m | Expected: 0.313790 m | Method: direct | Mode: TEST
Time: 272.43s | Raw0: 0.26 m | Raw1: 0.28 m | Filtered0: 0.270461 m | Filtered1: 0.279152 m | Middle: 0.270150 m | Expected: 0.313790 m | Method: direct | Mode: TEST
Time: 272.55s | Raw0: 0.26 m | Raw1: 0.27 m | Filtered0: 0.269798 m | Filtered1: 0.278971 m | Middle: 0.269451 m | Expected: 0.313790 m | Method: direct | Mode: TEST
Time: 273.85s | Raw0: 0.25 m | Raw1: 0.27 m | Filtered0: 0.268657 m | Filtered1: 0.278801 m | Middle: 0.268232 m | Expected: 0.313790 m | Method: direct | Mode: TEST
Time: 273.97s | Raw0: 0.25 m | Raw1: 0.27 m | Filtered0: 0.267549 m | Filtered1: 0.278641 m | Middle: 0.267042 m | Expected: 0.313790 m | Method: direct | Mode: TEST
Time: 275.06s | Raw0: 0.25 m | Raw1: 0.27 m | Filtered0: 0.266483 m | Filtered1: 0.278491 m | Middle: 0.265889 m | Expected: 0.313790 m | Method: direct | Mode: TEST
Time: 275.18s | Raw0: 0.25 m | Raw1: 0.26 m | Filtered0: 0.265464 m | Filtered1: 0.277967 m | Middle: 0.264821 m | Expected: 0.313790 m | Method: direct | Mode: TEST
Time: 276.38s | Raw0: 0.25 m | Raw1: 0.26 m | Filtered0: 0.264493 m | Filtered1: 0.277450 m | Middle: 0.263804 m | Expected: 0.313790 m | Method: direct | Mode: TEST
Time: 276.50s | Raw0: 0.25 m | Raw1: 0.26 m | Filtered0: 0.263574 m | Filtered1: 0.276942 m | Middle: 0.262842 m | Expected: 0.313790 m | Method: direct | Mode: TEST
Time: 277.59s | Raw0: 0.25 m | Raw1: 0.26 m | Filtered0: 0.262706 m | Filtered1: 0.276446 m | Middle: 0.261934 m | Expected: 0.313790 m | Method: direct | Mode: TEST
Time: 277.71s | Raw0: 0.25 m | Raw1: 0.27 m | Filtered0: 0.261889 m | Filtered1: 0.276378 m | Middle: 0.261030 m | Expected: 0.313790 m | Method: direct | Mode: TEST
Time: 278.91s | Raw0: 0.25 m | Raw1: 0.27 m | Filtered0: 0.261121 m | Filtered1: 0.276314 m | Middle: 0.260177 m | Expected: 0.313790 m | Method: direct | Mode: TEST
Time: 279.03s | Raw0: 0.25 m | Raw1: 0.26 m | Filtered0: 0.260401 m | Filtered1: 0.275867 m | Middle: 0.259423 m | Expected: 0.313790 m | Method: direct | Mode: TEST
Time: 280.12s | Raw0: 0.25 m | Raw1: 0.26 m | Filtered0: 0.259725 m | Filtered1: 0.275432 m | Middle: 0.258719 m | Expected: 0.313790 m | Method: direct | Mode: TEST
Time: 280.24s | Raw0: 0.25 m | Raw1: 0.26 m | Filtered0: 0.259093 m | Filtered1: 0.275008 m | Middle: 0.258062 m | Expected: 0.313790 m | Method: direct | Mode: TEST
Time: 281.44s | Raw0: 0.25 m | Raw1: 0.26 m | Filtered0: 0.258502 m | Filtered1: 0.274597 m | Middle: 0.257448 m | Expected: 0.313790 m | Method: direct | Mode: TEST
Time: 281.56s | Raw0: 0.25 m | Raw1: 0.26 m | Filtered0: 0.257948 m | Filtered1: 0.274200 m | Middle: 0.256875 m | Expected: 0.313790 m | Method: direct | Mode: TEST
Time: 282.65s | Raw0: 0.26 m | Raw1: 0.26 m | Filtered0: 0.257940 m | Filtered1: 0.273818 m | Middle: 0.256918 m | Expected: 0.313790 m | Method: direct | Mode: TEST
Time: 282.77s | Raw0: 0.26 m | Raw1: 0.26 m | Filtered0: 0.257933 m | Filtered1: 0.273451 m | Middle: 0.256958 m | Expected: 0.313790 m | Method: direct | Mode: TEST
Time: 284.07s | Raw0: 0.26 m | Raw1: 0.26 m | Filtered0: 0.257926 m | Filtered1: 0.273098 m | Middle: 0.256995 m | Expected: 0.313790 m | Method: direct | Mode: TEST
Time: 284.19s | Raw0: 0.26 m | Raw1: 0.26 m | Filtered0: 0.257920 m | Filtered1: 0.272761 m | Middle: 0.257031 m | Expected: 0.313790 m | Method: direct | Mode: TEST
Time: 285.18s | Raw0: 0.26 m | Raw1: 0.26 m | Filtered0: 0.257915 m | Filtered1: 0.272438 m | Middle: 0.257064 m | Expected: 0.313790 m | Method: direct | Mode: TEST
Time: 285.30s | Raw0: 0.26 m | Raw1: 0.26 m | Filtered0: 0.257909 m | Filtered1: 0.272129 m | Middle: 0.257095 m | Expected: 0.313790 m | Method: direct | Mode: TEST
Time: 286.60s | Raw0: 0.27 m | Raw1: 0.26 m | Filtered0: 0.258296 m | Filtered1: 0.271835 m | Middle: 0.257559 m | Expected: 0.313790 m | Method: direct | Mode: TEST
Time: 286.72s | Raw0: 0.27 m | Raw1: 0.25 m | Filtered0: 0.258670 m | Filtered1: 0.271155 m | Middle: 0.258045 m | Expected: 0.313790 m | Method: direct | Mode: TEST
Time: 287.71s | Raw0: 0.27 m | Raw1: 0.25 m | Filtered0: 0.259032 m | Filtered1: 0.270477 m | Middle: 0.258508 m | Expected: 0.313790 m | Method: direct | Mode: TEST
Time: 287.83s | Raw0: 0.27 m | Raw1: 0.25 m | Filtered0: 0.259380 m | Filtered1: 0.269809 m | Middle: 0.258946 m | Expected: 0.313790 m | Method: direct | Mode: TEST
Time: 289.13s | Raw0: 0.27 m | Raw1: 0.25 m | Filtered0: 0.259714 m | Filtered1: 0.269153 m | Middle: 0.259360 m | Expected: 0.313790 m | Method: direct | Mode: TEST
Time: 289.25s | Raw0: 0.27 m | Raw1: 0.25 m | Filtered0: 0.260035 m | Filtered1: 0.268515 m | Middle: 0.259749 m | Expected: 0.313790 m | Method: direct | Mode: TEST
Time: 290.24s | Raw0: 0.27 m | Raw1: 0.25 m | Filtered0: 0.260342 m | Filtered1: 0.267897 m | Middle: 0.260116 m | Expected: 0.313790 m | Method: direct | Mode: TEST
Time: 290.36s | Raw0: 0.27 m | Raw1: 0.25 m | Filtered0: 0.260637 m | Filtered1: 0.267300 m | Middle: 0.260461 m | Expected: 0.313790 m | Method: direct | Mode: TEST
Time: 291.66s | Raw0: 0.27 m | Raw1: 0.25 m | Filtered0: 0.260918 m | Filtered1: 0.266727 m | Middle: 0.260785 m | Expected: 0.313790 m | Method: direct | Mode: TEST
Time: 291.78s | Raw0: 0.27 m | Raw1: 0.25 m | Filtered0: 0.261187 m | Filtered1: 0.266178 m | Middle: 0.261089 m | Expected: 0.313790 m | Method: direct | Mode: TEST
Time: 292.77s | Raw0: 0.27 m | Raw1: 0.25 m | Filtered0: 0.261443 m | Filtered1: 0.265654 m | Middle: 0.261374 m | Expected: 0.313790 m | Method: direct | Mode: TEST
Time: 292.89s | Raw0: 0.27 m | Raw1: 0.25 m | Filtered0: 0.261688 m | Filtered1: 0.265154 m | Middle: 0.261641 m | Expected: 0.313790 m | Method: direct | Mode: TEST
Time: 294.19s | Raw0: 0.27 m | Raw1: 0.25 m | Filtered0: 0.261922 m | Filtered1: 0.264679 m | Middle: 0.261892 m | Expected: 0.313790 m | Method: direct | Mode: TEST
Time: 294.31s | Raw0: 0.27 m | Raw1: 0.27 m | Filtered0: 0.262144 m | Filtered1: 0.265140 m | Middle: 0.262109 m | Expected: 0.313790 m | Method: direct | Mode: TEST
Time: 295.30s | Raw0: 0.26 m | Raw1: 0.27 m | Filtered0: 0.261981 m | Filtered1: 0.265579 m | Middle: 0.261930 m | Expected: 0.313790 m | Method: direct | Mode: TEST
Time: 295.42s | Raw0: 0.26 m | Raw1: 0.26 m | Filtered0: 0.261825 m | Filtered1: 0.265543 m | Middle: 0.261771 m | Expected: 0.313790 m | Method: direct | Mode: TEST
Time: 296.72s | Raw0: 0.26 m | Raw1: 0.26 m | Filtered0: 0.261678 m | Filtered1: 0.265511 m | Middle: 0.261621 m | Expected: 0.313790 m | Method: direct | Mode: TEST
Time: 296.84s | Raw0: 0.26 m | Raw1: 0.27 m | Filtered0: 0.261539 m | Filtered1: 0.265897 m | Middle: 0.261464 m | Expected: 0.313790 m | Method: direct | Mode: TEST
Time: 297.83s | Raw0: 0.24 m | Raw1: 0.27 m | Filtered0: 0.260699 m | Filtered1: 0.266267 m | Middle: 0.260577 m | Expected: 0.313790 m | Method: direct | Mode: TEST
Time: 297.95s | Raw0: 0.24 m | Raw1: 0.27 m | Filtered0: 0.259819 m | Filtered1: 0.266621 m | Middle: 0.259637 m | Expected: 0.313790 m | Method: direct | Mode: TEST
Time: 299.25s | Raw0: 0.25 m | Raw1: 0.27 m | Filtered0: 0.259326 m | Filtered1: 0.266959 m | Middle: 0.259096 m | Expected: 0.313790 m | Method: direct | Mode: TEST
Time: 299.37s | Raw0: 0.25 m | Raw1: 0.26 m | Filtered0: 0.258846 m | Filtered1: 0.266870 m | Middle: 0.258592 m | Expected: 0.313790 m | Method: direct | Mode: TEST
Time: 300.36s | Raw0: 0.24 m | Raw1: 0.26 m | Filtered0: 0.257963 m | Filtered1: 0.266787 m | Middle: 0.257656 m | Expected: 0.313790 m | Method: direct | Mode: TEST
Time: 300.48s | Raw0: 0.24 m | Raw1: 0.25 m | Filtered0: 0.257077 m | Filtered1: 0.266322 m | Middle: 0.256740 m | Expected: 0.313790 m | Method: direct | Mode: TEST
Time: 301.78s | Raw0: 0.25 m | Raw1: 0.25 m | Filtered0: 0.256653 m | Filtered1: 0.265867 m | Middle: 0.256319 m | Expected: 0.313790 m | Method: direct | Mode: TEST
Time: 301.90s | Raw0: 0.25 m | Raw1: 0.25 m | Filtered0: 0.256252 m | Filtered1: 0.265424 m | Middle: 0.255922 m | Expected: 0.313790 m | Method: direct | Mode: TEST
Time: 302.99s | Raw0: 0.25 m | Raw1: 0.25 m | Filtered0: 0.255872 m | Filtered1: 0.264994 m | Middle: 0.255547 m | Expected: 0.313790 m | Method: direct | Mode: TEST
Time: 303.11s | Raw0: 0.25 m | Raw1: 0.25 m | Filtered0: 0.255514 m | Filtered1: 0.264578 m | Middle: 0.255192 m | Expected: 0.313790 m | Method: direct | Mode: TEST
Time: 304.31s | Raw0: 0.26 m | Raw1: 0.25 m | Filtered0: 0.255614 m | Filtered1: 0.264177 m | Middle: 0.255327 m | Expected: 0.313790 m | Method: direct | Mode: TEST
Time: 304.43s | Raw0: 0.26 m | Raw1: 0.24 m | Filtered0: 0.255706 m | Filtered1: 0.263381 m | Middle: 0.255477 m | Expected: 0.313790 m | Method: direct | Mode: TEST
Time: 305.52s | Raw0: 0.27 m | Raw1: 0.24 m | Filtered0: 0.256203 m | Filtered1: 0.262584 m | Middle: 0.256045 m | Expected: 0.313790 m | Method: direct | Mode: TEST
Time: 305.64s | Raw0: 0.27 m | Raw1: 0.24 m | Filtered0: 0.256685 m | Filtered1: 0.261795 m | Middle: 0.256584 m | Expected: 0.313790 m | Method: direct | Mode: TEST
Time: 306.84s | Raw0: 0.28 m | Raw1: 0.24 m | Filtered0: 0.257572 m | Filtered1: 0.261020 m | Middle: 0.257526 m | Expected: 0.313790 m | Method: direct | Mode: TEST
Time: 306.96s | Raw0: 0.28 m | Raw1: 0.26 m | Filtered0: 0.258462 m | Filtered1: 0.261195 m | Middle: 0.258433 m | Expected: 0.313790 m | Method: direct | Mode: TEST
Time: 308.05s | Raw0: 0.28 m | Raw1: 0.26 m | Filtered0: 0.259345 m | Filtered1: 0.261357 m | Middle: 0.259330 m | Expected: 0.313790 m | Method: direct | Mode: TEST
Time: 308.17s | Raw0: 0.28 m | Raw1: 0.27 m | Filtered0: 0.260214 m | Filtered1: 0.261946 m | Middle: 0.260202 m | Expected: 0.313790 m | Method: direct | Mode: TEST
Time: 309.37s | Raw0: 0.28 m | Raw1: 0.27 m | Filtered0: 0.261060 m | Filtered1: 0.262515 m | Middle: 0.261052 m | Expected: 0.313790 m | Method: direct | Mode: TEST
Time: 309.49s | Raw0: 0.28 m | Raw1: 0.26 m | Filtered0: 0.261879 m | Filtered1: 0.262617 m | Middle: 0.261877 m | Expected: 0.313790 m | Method: direct | Mode: TEST
Time: 310.58s | Raw0: 0.28 m | Raw1: 0.26 m | Filtered0: 0.262668 m | Filtered1: 0.262711 m | Middle: 0.262668 m | Expected: 0.313790 m | Method: direct | Mode: TEST
Time: 310.70s | Raw0: 0.28 m | Raw1: 0.26 m | Filtered0: 0.263423 m | Filtered1: 0.262798 m | Middle: 0.263422 m | Expected: 0.313790 m | Method: direct | Mode: TEST
Time: 311.90s | Raw0: 0.27 m | Raw1: 0.26 m | Filtered0: 0.263642 m | Filtered1: 0.262878 m | Middle: 0.263640 m | Expected: 0.313790 m | Method: direct | Mode: TEST
Time: 312.02s | Raw0: 0.27 m | Raw1: 0.27 m | Filtered0: 0.263844 m | Filtered1: 0.263346 m | Middle: 0.263843 m | Expected: 0.313790 m | Method: direct | Mode: TEST
Time: 313.11s | Raw0: 0.27 m | Raw1: 0.27 m | Filtered0: 0.264029 m | Filtered1: 0.263802 m | Middle: 0.264029 m | Expected: 0.313790 m | Method: direct | Mode: TEST
Time: 313.23s | Raw0: 0.27 m | Raw1: 0.26 m | Filtered0: 0.264201 m | Filtered1: 0.263842 m | Middle: 0.264200 m | Expected: 0.313790 m | Method: direct | Mode: TEST
Time: 314.53s | Raw0: 0.27 m | Raw1: 0.26 m | Filtered0: 0.264359 m | Filtered1: 0.263879 m | Middle: 0.264359 m | Expected: 0.313790 m | Method: direct | Mode: TEST
Time: 314.65s | Raw0: 0.27 m | Raw1: 0.25 m | Filtered0: 0.264507 m | Filtered1: 0.263536 m | Middle: 0.264503 m | Expected: 0.313790 m | Method: direct | Mode: TEST
Time: 315.64s | Raw0: 0.27 m | Raw1: 0.25 m | Filtered0: 0.264644 m | Filtered1: 0.263205 m | Middle: 0.264636 m | Expected: 0.313790 m | Method: direct | Mode: TEST
Time: 315.76s | Raw0: 0.27 m | Raw1: 0.26 m | Filtered0: 0.264772 m | Filtered1: 0.263265 m | Middle: 0.264764 m | Expected: 0.313790 m | Method: direct | Mode: TEST
Time: 317.06s | Raw0: 0.27 m | Raw1: 0.26 m | Filtered0: 0.264892 m | Filtered1: 0.263321 m | Middle: 0.264883 m | Expected: 0.313790 m | Method: direct | Mode: TEST
Time: 317.17s | Raw0: 0.27 m | Raw1: 0.26 m | Filtered0: 0.265004 m | Filtered1: 0.263374 m | Middle: 0.264994 m | Expected: 0.313790 m | Method: direct | Mode: TEST
Time: 318.17s | Raw0: 0.27 m | Raw1: 0.26 m | Filtered0: 0.265110 m | Filtered1: 0.263424 m | Middle: 0.265099 m | Expected: 0.313790 m | Method: direct | Mode: TEST
Time: 318.29s | Raw0: 0.27 m | Raw1: 0.26 m | Filtered0: 0.265209 m | Filtered1: 0.263470 m | Middle: 0.265197 m | Expected: 0.313790 m | Method: direct | Mode: TEST
Time: 319.59s | Raw0: 0.26 m | Raw1: 0.26 m | Filtered0: 0.264941 m | Filtered1: 0.263514 m | Middle: 0.264933 m | Expected: 0.313790 m | Method: direct | Mode: TEST
Time: 319.71s | Raw0: 0.26 m | Raw1: 0.25 m | Filtered0: 0.264682 m | Filtered1: 0.263232 m | Middle: 0.264674 m | Expected: 0.313790 m | Method: direct | Mode: TEST
Time: 320.70s | Raw0: 0.27 m | Raw1: 0.25 m | Filtered0: 0.264795 m | Filtered1: 0.262954 m | Middle: 0.264782 m | Expected: 0.313790 m | Method: direct | Mode: TEST
Time: 320.82s | Raw0: 0.27 m | Raw1: 0.25 m | Filtered0: 0.264901 m | Filtered1: 0.262681 m | Middle: 0.264882 m | Expected: 0.313790 m | Method: direct | Mode: TEST
Time: 322.12s | Raw0: 0.27 m | Raw1: 0.25 m | Filtered0: 0.265002 m | Filtered1: 0.262415 m | Middle: 0.264976 m | Expected: 0.313790 m | Method: direct | Mode: TEST
Time: 322.24s | Raw0: 0.27 m | Raw1: 0.25 m | Filtered0: 0.265097 m | Filtered1: 0.262155 m | Middle: 0.265063 m | Expected: 0.313790 m | Method: direct | Mode: TEST
Time: 323.23s | Raw0: 0.27 m | Raw1: 0.25 m | Filtered0: 0.265187 m | Filtered1: 0.261901 m | Middle: 0.265145 m | Expected: 0.313790 m | Method: direct | Mode: TEST
Time: 323.35s | Raw0: 0.27 m | Raw1: 0.26 m | Filtered0: 0.265273 m | Filtered1: 0.262001 m | Middle: 0.265231 m | Expected: 0.313790 m | Method: direct | Mode: TEST
Time: 324.64s | Raw0: 0.27 m | Raw1: 0.26 m | Filtered0: 0.265354 m | Filtered1: 0.262096 m | Middle: 0.265313 m | Expected: 0.313790 m | Method: direct | Mode: TEST
Time: 324.77s | Raw0: 0.27 m | Raw1: 0.25 m | Filtered0: 0.265431 m | Filtered1: 0.261853 m | Middle: 0.265382 m | Expected: 0.313790 m | Method: direct | Mode: TEST
Time: 325.76s | Raw0: 0.27 m | Raw1: 0.25 m | Filtered0: 0.265505 m | Filtered1: 0.261616 m | Middle: 0.265447 m | Expected: 0.313790 m | Method: direct | Mode: TEST
Time: 325.88s | Raw0: 0.27 m | Raw1: 0.25 m | Filtered0: 0.265575 m | Filtered1: 0.261385 m | Middle: 0.265508 m | Expected: 0.313790 m | Method: direct | Mode: TEST
Time: 327.18s | Raw0: 0.26 m | Raw1: 0.25 m | Filtered0: 0.265340 m | Filtered1: 0.261162 m | Middle: 0.265273 m | Expected: 0.313790 m | Method: direct | Mode: TEST
Time: 327.30s | Raw0: 0.26 m | Raw1: 0.25 m | Filtered0: 0.265108 m | Filtered1: 0.260946 m | Middle: 0.265041 m | Expected: 0.313790 m | Method: direct | Mode: TEST
Time: 328.29s | Raw0: 0.27 m | Raw1: 0.25 m | Filtered0: 0.265191 m | Filtered1: 0.260736 m | Middle: 0.265115 m | Expected: 0.313790 m | Method: direct | Mode: TEST
Time: 328.41s | Raw0: 0.27 m | Raw1: 0.25 m | Filtered0: 0.265271 m | Filtered1: 0.260534 m | Middle: 0.265185 m | Expected: 0.313790 m | Method: direct | Mode: TEST
Time: 329.71s | Raw0: 0.27 m | Raw1: 0.25 m | Filtered0: 0.265348 m | Filtered1: 0.260339 m | Middle: 0.265251 m | Expected: 0.313790 m | Method: direct | Mode: TEST
Time: 329.83s | Raw0: 0.27 m | Raw1: 0.26 m | Filtered0: 0.265421 m | Filtered1: 0.260490 m | Middle: 0.265327 m | Expected: 0.313790 m | Method: direct | Mode: TEST
Time: 330.82s | Raw0: 0.27 m | Raw1: 0.26 m | Filtered0: 0.265491 m | Filtered1: 0.260634 m | Middle: 0.265400 m | Expected: 0.313790 m | Method: direct | Mode: TEST
Time: 330.94s | Raw0: 0.27 m | Raw1: 0.27 m | Filtered0: 0.265557 m | Filtered1: 0.261105 m | Middle: 0.265481 m | Expected: 0.313790 m | Method: direct | Mode: TEST
Time: 332.23s | Raw0: 0.27 m | Raw1: 0.27 m | Filtered0: 0.265621 m | Filtered1: 0.261580 m | Middle: 0.265558 m | Expected: 0.313790 m | Method: direct | Mode: TEST
Time: 332.36s | Raw0: 0.27 m | Raw1: 0.27 m | Filtered0: 0.265683 m | Filtered1: 0.262056 m | Middle: 0.265632 m | Expected: 0.313790 m | Method: direct | Mode: TEST
Time: 333.45s | Raw0: 0.27 m | Raw1: 0.27 m | Filtered0: 0.265741 m | Filtered1: 0.262529 m | Middle: 0.265701 m | Expected: 0.313790 m | Method: direct | Mode: TEST
Time: 333.57s | Raw0: 0.27 m | Raw1: 0.27 m | Filtered0: 0.265798 m | Filtered1: 0.262996 m | Middle: 0.265767 m | Expected: 0.313790 m | Method: direct | Mode: TEST
Time: 334.76s | Raw0: 0.27 m | Raw1: 0.27 m | Filtered0: 0.265852 m | Filtered1: 0.263454 m | Middle: 0.265829 m | Expected: 0.313790 m | Method: direct | Mode: TEST
Time: 334.88s | Raw0: 0.27 m | Raw1: 0.27 m | Filtered0: 0.265904 m | Filtered1: 0.263902 m | Middle: 0.265888 m | Expected: 0.313790 m | Method: direct | Mode: TEST
Time: 335.98s | Raw0: 0.27 m | Raw1: 0.27 m | Filtered0: 0.265954 m | Filtered1: 0.264338 m | Middle: 0.265944 m | Expected: 0.313790 m | Method: direct | Mode: TEST
Time: 336.10s | Raw0: 0.27 m | Raw1: 0.27 m | Filtered0: 0.266002 m | Filtered1: 0.264760 m | Middle: 0.265996 m | Expected: 0.313790 m | Method: direct | Mode: TEST
Time: 337.29s | Raw0: 0.28 m | Raw1: 0.27 m | Filtered0: 0.266306 m | Filtered1: 0.265168 m | Middle: 0.266301 m | Expected: 0.313790 m | Method: direct | Mode: TEST
Time: 337.41s | Raw0: 0.28 m | Raw1: 0.26 m | Filtered0: 0.266620 m | Filtered1: 0.265153 m | Middle: 0.266611 m | Expected: 0.313790 m | Method: direct | Mode: TEST
Time: 338.51s | Raw0: 0.29 m | Raw1: 0.26 m | Filtered0: 0.267228 m | Filtered1: 0.265139 m | Middle: 0.267211 m | Expected: 0.313790 m | Method: direct | Mode: TEST
Time: 338.63s | Raw0: 0.29 m | Raw1: 0.27 m | Filtered0: 0.267882 m | Filtered1: 0.265505 m | Middle: 0.267859 m | Expected: 0.313790 m | Method: direct | Mode: TEST
Time: 339.82s | Raw0: 0.28 m | Raw1: 0.27 m | Filtered0: 0.268224 m | Filtered1: 0.265860 m | Middle: 0.268202 m | Expected: 0.313790 m | Method: direct | Mode: TEST
Time: 339.94s | Raw0: 0.28 m | Raw1: 0.27 m | Filtered0: 0.268560 m | Filtered1: 0.266203 m | Middle: 0.268538 m | Expected: 0.313790 m | Method: direct | Mode: TEST
Time: 341.04s | Raw0: 0.29 m | Raw1: 0.27 m | Filtered0: 0.269246 m | Filtered1: 0.266535 m | Middle: 0.269218 m | Expected: 0.313790 m | Method: direct | Mode: TEST
Time: 341.16s | Raw0: 0.29 m | Raw1: 0.27 m | Filtered0: 0.269949 m | Filtered1: 0.266855 m | Middle: 0.269912 m | Expected: 0.313790 m | Method: direct | Mode: TEST
Time: 342.45s | Raw0: 0.28 m | Raw1: 0.27 m | Filtered0: 0.270262 m | Filtered1: 0.267163 m | Middle: 0.270224 m | Expected: 0.313790 m | Method: direct | Mode: TEST
Time: 342.57s | Raw0: 0.28 m | Raw1: 0.28 m | Filtered0: 0.270560 m | Filtered1: 0.267845 m | Middle: 0.270531 m | Expected: 0.313790 m | Method: direct | Mode: TEST
Time: 343.57s | Raw0: 0.28 m | Raw1: 0.28 m | Filtered0: 0.270846 m | Filtered1: 0.268530 m | Middle: 0.270825 m | Expected: 0.313790 m | Method: direct | Mode: TEST
Time: 343.69s | Raw0: 0.28 m | Raw1: 0.28 m | Filtered0: 0.271119 m | Filtered1: 0.269211 m | Middle: 0.271104 m | Expected: 0.313790 m | Method: direct | Mode: TEST
Time: 344.98s | Raw0: 0.28 m | Raw1: 0.28 m | Filtered0: 0.271379 m | Filtered1: 0.269881 m | Middle: 0.271370 m | Expected: 0.313790 m | Method: direct | Mode: TEST
Time: 345.10s | Raw0: 0.28 m | Raw1: 0.27 m | Filtered0: 0.271628 m | Filtered1: 0.270097 m | Middle: 0.271618 m | Expected: 0.313790 m | Method: direct | Mode: TEST
Time: 346.09s | Raw0: 0.28 m | Raw1: 0.27 m | Filtered0: 0.271865 m | Filtered1: 0.270299 m | Middle: 0.271855 m | Expected: 0.313790 m | Method: direct | Mode: TEST
Time: 346.21s | Raw0: 0.28 m | Raw1: 0.28 m | Filtered0: 0.272091 m | Filtered1: 0.270908 m | Middle: 0.272085 m | Expected: 0.313790 m | Method: direct | Mode: TEST
Time: 347.51s | Raw0: 0.28 m | Raw1: 0.28 m | Filtered0: 0.272306 m | Filtered1: 0.271503 m | Middle: 0.272303 m | Expected: 0.313790 m | Method: direct | Mode: TEST
Time: 347.63s | Raw0: 0.28 m | Raw1: 0.28 m | Filtered0: 0.272511 m | Filtered1: 0.272082 m | Middle: 0.272510 m | Expected: 0.313790 m | Method: direct | Mode: TEST
Time: 348.62s | Raw0: 0.28 m | Raw1: 0.28 m | Filtered0: 0.272707 m | Filtered1: 0.272642 m | Middle: 0.272707 m | Expected: 0.313790 m | Method: direct | Mode: TEST
Time: 348.74s | Raw0: 0.28 m | Raw1: 0.28 m | Filtered0: 0.272893 m | Filtered1: 0.273182 m | Middle: 0.272893 m | Expected: 0.313790 m | Method: direct | Mode: TEST
Time: 350.04s | Raw0: 0.28 m | Raw1: 0.28 m | Filtered0: 0.273071 m | Filtered1: 0.273701 m | Middle: 0.273069 m | Expected: 0.313790 m | Method: direct | Mode: TEST
Time: 350.16s | Raw0: 0.28 m | Raw1: 0.28 m | Filtered0: 0.273240 m | Filtered1: 0.274197 m | Middle: 0.273236 m | Expected: 0.313790 m | Method: direct | Mode: TEST
Time: 351.15s | Raw0: 0.28 m | Raw1: 0.28 m | Filtered0: 0.273402 m | Filtered1: 0.274672 m | Middle: 0.273395 m | Expected: 0.313790 m | Method: direct | Mode: TEST
Time: 351.27s | Raw0: 0.28 m | Raw1: 0.28 m | Filtered0: 0.273556 m | Filtered1: 0.275125 m | Middle: 0.273546 m | Expected: 0.313790 m | Method: direct | Mode: TEST
Time: 352.57s | Raw0: 0.28 m | Raw1: 0.28 m | Filtered0: 0.273703 m | Filtered1: 0.275556 m | Middle: 0.273689 m | Expected: 0.313790 m | Method: direct | Mode: TEST
Time: 352.69s | Raw0: 0.28 m | Raw1: 0.29 m | Filtered0: 0.273843 m | Filtered1: 0.276409 m | Middle: 0.273816 m | Expected: 0.313790 m | Method: direct | Mode: TEST
Time: 353.68s | Raw0: 0.29 m | Raw1: 0.29 m | Filtered0: 0.274316 m | Filtered1: 0.277252 m | Middle: 0.274280 m | Expected: 0.313790 m | Method: direct | Mode: TEST
Time: 353.80s | Raw0: 0.29 m | Raw1: 0.28 m | Filtered0: 0.274791 m | Filtered1: 0.277606 m | Middle: 0.274759 m | Expected: 0.313790 m | Method: direct | Mode: TEST
Time: 355.10s | Raw0: 0.29 m | Raw1: 0.28 m | Filtered0: 0.275266 m | Filtered1: 0.277938 m | Middle: 0.275237 m | Expected: 0.313790 m | Method: direct | Mode: TEST
Time: 355.22s | Raw0: 0.29 m | Raw1: 0.27 m | Filtered0: 0.275736 m | Filtered1: 0.277795 m | Middle: 0.275719 m | Expected: 0.313790 m | Method: direct | Mode: TEST
Time: 356.21s | Raw0: 0.29 m | Raw1: 0.27 m | Filtered0: 0.276199 m | Filtered1: 0.277663 m | Middle: 0.276191 m | Expected: 0.313790 m | Method: direct | Mode: TEST
Time: 356.33s | Raw0: 0.29 m | Raw1: 0.26 m | Filtered0: 0.276653 m | Filtered1: 0.277114 m | Middle: 0.276652 m | Expected: 0.313790 m | Method: direct | Mode: TEST
Time: 357.63s | Raw0: 0.29 m | Raw1: 0.26 m | Filtered0: 0.277096 m | Filtered1: 0.276581 m | Middle: 0.277095 m | Expected: 0.313790 m | Method: direct | Mode: TEST
Time: 357.75s | Raw0: 0.29 m | Raw1: 0.26 m | Filtered0: 0.277526 m | Filtered1: 0.276067 m | Middle: 0.277517 m | Expected: 0.313790 m | Method: direct | Mode: TEST
Time: 358.84s | Raw0: 0.30 m | Raw1: 0.26 m | Filtered0: 0.278347 m | Filtered1: 0.275573 m | Middle: 0.278316 m | Expected: 0.313790 m | Method: direct | Mode: TEST
Time: 358.96s | Raw0: 0.30 m | Raw1: 0.25 m | Filtered0: 0.279174 m | Filtered1: 0.274660 m | Middle: 0.279091 m | Expected: 0.313790 m | Method: direct | Mode: TEST
Time: 360.16s | Raw0: 0.29 m | Raw1: 0.25 m | Filtered0: 0.279555 m | Filtered1: 0.273751 m | Middle: 0.279418 m | Expected: 0.313790 m | Method: direct | Mode: TEST
Time: 360.28s | Raw0: 0.29 m | Raw1: 0.26 m | Filtered0: 0.279916 m | Filtered1: 0.273328 m | Middle: 0.279741 m | Expected: 0.313790 m | Method: direct | Mode: TEST
Time: 361.37s | Raw0: 0.29 m | Raw1: 0.26 m | Filtered0: 0.280258 m | Filtered1: 0.272930 m | Middle: 0.280041 m | Expected: 0.313790 m | Method: direct | Mode: TEST
Time: 361.49s | Raw0: 0.29 m | Raw1: 0.27 m | Filtered0: 0.280582 m | Filtered1: 0.273016 m | Middle: 0.280351 m | Expected: 0.313790 m | Method: direct | Mode: TEST
Time: 362.69s | Raw0: 0.29 m | Raw1: 0.27 m | Filtered0: 0.280889 m | Filtered1: 0.273094 m | Middle: 0.280644 m | Expected: 0.313790 m | Method: direct | Mode: TEST
Time: 362.81s | Raw0: 0.29 m | Raw1: 0.27 m | Filtered0: 0.281179 m | Filtered1: 0.273167 m | Middle: 0.280920 m | Expected: 0.313790 m | Method: direct | Mode: TEST
Time: 363.90s | Raw0: 0.30 m | Raw1: 0.27 m | Filtered0: 0.281870 m | Filtered1: 0.273234 m | Middle: 0.281569 m | Expected: 0.313790 m | Method: direct | Mode: TEST
Time: 364.02s | Raw0: 0.30 m | Raw1: 0.27 m | Filtered0: 0.282553 m | Filtered1: 0.273296 m | Middle: 0.282207 m | Expected: 0.313790 m | Method: direct | Mode: TEST
Time: 365.22s | Raw0: 0.30 m | Raw1: 0.27 m | Filtered0: 0.283222 m | Filtered1: 0.273354 m | Middle: 0.282828 m | Expected: 0.313790 m | Method: direct | Mode: TEST
Time: 365.34s | Raw0: 0.30 m | Raw1: 0.27 m | Filtered0: 0.283874 m | Filtered1: 0.273408 m | Middle: 0.283431 m | Expected: 0.313790 m | Method: direct | Mode: TEST
Time: 366.43s | Raw0: 0.30 m | Raw1: 0.27 m | Filtered0: 0.284505 m | Filtered1: 0.273458 m | Middle: 0.284011 m | Expected: 0.313790 m | Method: direct | Mode: TEST
Time: 366.55s | Raw0: 0.30 m | Raw1: 0.27 m | Filtered0: 0.285113 m | Filtered1: 0.273505 m | Middle: 0.284568 m | Expected: 0.313790 m | Method: direct | Mode: TEST
Time: 367.75s | Raw0: 0.30 m | Raw1: 0.27 m | Filtered0: 0.285698 m | Filtered1: 0.273549 m | Middle: 0.285101 m | Expected: 0.313790 m | Method: direct | Mode: TEST
Time: 367.87s | Raw0: 0.30 m | Raw1: 0.27 m | Filtered0: 0.286258 m | Filtered1: 0.273591 m | Middle: 0.285608 m | Expected: 0.313790 m | Method: direct | Mode: TEST
Time: 368.96s | Raw0: 0.29 m | Raw1: 0.27 m | Filtered0: 0.286329 m | Filtered1: 0.273630 m | Middle: 0.285676 m | Expected: 0.313790 m | Method: direct | Mode: TEST
Time: 369.08s | Raw0: 0.29 m | Raw1: 0.27 m | Filtered0: 0.286394 m | Filtered1: 0.273667 m | Middle: 0.285738 m | Expected: 0.313790 m | Method: direct | Mode: TEST
Time: 370.38s | Raw0: 0.29 m | Raw1: 0.27 m | Filtered0: 0.286454 m | Filtered1: 0.273702 m | Middle: 0.285795 m | Expected: 0.313790 m | Method: direct | Mode: TEST
Time: 370.50s | Raw0: 0.29 m | Raw1: 0.27 m | Filtered0: 0.286509 m | Filtered1: 0.273735 m | Middle: 0.285848 m | Expected: 0.313790 m | Method: direct | Mode: TEST
Time: 371.49s | Raw0: 0.29 m | Raw1: 0.27 m | Filtered0: 0.286560 m | Filtered1: 0.273766 m | Middle: 0.285897 m | Expected: 0.313790 m | Method: direct | Mode: TEST
Time: 371.61s | Raw0: 0.29 m | Raw1: 0.27 m | Filtered0: 0.286608 m | Filtered1: 0.273796 m | Middle: 0.285943 m | Expected: 0.313790 m | Method: direct | Mode: TEST
Time: 372.91s | Raw0: 0.28 m | Raw1: 0.27 m | Filtered0: 0.286277 m | Filtered1: 0.273824 m | Middle: 0.285649 m | Expected: 0.313790 m | Method: direct | Mode: TEST
Time: 373.03s | Raw0: 0.28 m | Raw1: 0.27 m | Filtered0: 0.285958 m | Filtered1: 0.273851 m | Middle: 0.285364 m | Expected: 0.313790 m | Method: direct | Mode: TEST
Time: 374.02s | Raw0: 0.28 m | Raw1: 0.27 m | Filtered0: 0.285649 m | Filtered1: 0.273876 m | Middle: 0.285087 m | Expected: 0.313790 m | Method: direct | Mode: TEST
Time: 374.14s | Raw0: 0.28 m | Raw1: 0.27 m | Filtered0: 0.285351 m | Filtered1: 0.273900 m | Middle: 0.284820 m | Expected: 0.313790 m | Method: direct | Mode: TEST
Time: 375.44s | Raw0: 0.28 m | Raw1: 0.27 m | Filtered0: 0.285064 m | Filtered1: 0.273924 m | Middle: 0.284561 m | Expected: 0.313790 m | Method: direct | Mode: TEST
Time: 375.56s | Raw0: 0.28 m | Raw1: 0.27 m | Filtered0: 0.284789 m | Filtered1: 0.273946 m | Middle: 0.284312 m | Expected: 0.313790 m | Method: direct | Mode: TEST
Time: 376.55s | Raw0: 0.28 m | Raw1: 0.27 m | Filtered0: 0.284524 m | Filtered1: 0.273967 m | Middle: 0.284073 m | Expected: 0.313790 m | Method: direct | Mode: TEST
Time: 376.67s | Raw0: 0.28 m | Raw1: 0.27 m | Filtered0: 0.284270 m | Filtered1: 0.273987 m | Middle: 0.283842 m | Expected: 0.313790 m | Method: direct | Mode: TEST
Time: 377.97s | Raw0: 0.28 m | Raw1: 0.27 m | Filtered0: 0.284027 m | Filtered1: 0.274007 m | Middle: 0.283620 m | Expected: 0.313790 m | Method: direct | Mode: TEST
Time: 378.09s | Raw0: 0.28 m | Raw1: 0.27 m | Filtered0: 0.283795 m | Filtered1: 0.274025 m | Middle: 0.283408 m | Expected: 0.313790 m | Method: direct | Mode: TEST
Time: 379.08s | Raw0: 0.28 m | Raw1: 0.27 m | Filtered0: 0.283572 m | Filtered1: 0.274043 m | Middle: 0.283204 m | Expected: 0.313790 m | Method: direct | Mode: TEST
Time: 379.20s | Raw0: 0.28 m | Raw1: 0.27 m | Filtered0: 0.283359 m | Filtered1: 0.274060 m | Middle: 0.283009 m | Expected: 0.313790 m | Method: direct | Mode: TEST
Time: 380.50s | Raw0: 0.28 m | Raw1: 0.27 m | Filtered0: 0.283155 m | Filtered1: 0.274077 m | Middle: 0.282821 m | Expected: 0.313790 m | Method: direct | Mode: TEST
Time: 380.62s | Raw0: 0.28 m | Raw1: 0.27 m | Filtered0: 0.282961 m | Filtered1: 0.274093 m | Middle: 0.282642 m | Expected: 0.313790 m | Method: direct | Mode: TEST
Time: 381.61s | Raw0: 0.28 m | Raw1: 0.27 m | Filtered0: 0.282775 m | Filtered1: 0.274108 m | Middle: 0.282471 m | Expected: 0.313790 m | Method: direct | Mode: TEST
Time: 381.73s | Raw0: 0.28 m | Raw1: 0.27 m | Filtered0: 0.282597 m | Filtered1: 0.274123 m | Middle: 0.282306 m | Expected: 0.313790 m | Method: direct | Mode: TEST
Time: 383.03s | Raw0: 0.28 m | Raw1: 0.27 m | Filtered0: 0.282427 m | Filtered1: 0.274137 m | Middle: 0.282149 m | Expected: 0.313790 m | Method: direct | Mode: TEST
Time: 383.15s | Raw0: 0.28 m | Raw1: 0.27 m | Filtered0: 0.282265 m | Filtered1: 0.274150 m | Middle: 0.281998 m | Expected: 0.313790 m | Method: direct | Mode: TEST
Time: 384.14s | Raw0: 0.28 m | Raw1: 0.27 m | Filtered0: 0.282110 m | Filtered1: 0.274164 m | Middle: 0.281855 m | Expected: 0.313790 m | Method: direct | Mode: TEST
Time: 384.26s | Raw0: 0.28 m | Raw1: 0.27 m | Filtered0: 0.281962 m | Filtered1: 0.274176 m | Middle: 0.281717 m | Expected: 0.313790 m | Method: direct | Mode: TEST
Time: 385.56s | Raw0: 0.28 m | Raw1: 0.27 m | Filtered0: 0.281821 m | Filtered1: 0.274189 m | Middle: 0.281585 m | Expected: 0.313790 m | Method: direct | Mode: TEST
Time: 385.68s | Raw0: 0.28 m | Raw1: 0.26 m | Filtered0: 0.281686 m | Filtered1: 0.274003 m | Middle: 0.281447 m | Expected: 0.313790 m | Method: direct | Mode: TEST
Time: 386.67s | Raw0: 0.29 m | Raw1: 0.26 m | Filtered0: 0.281888 m | Filtered1: 0.273808 m | Middle: 0.281624 m | Expected: 0.313790 m | Method: direct | Mode: TEST
Time: 386.79s | Raw0: 0.29 m | Raw1: 0.26 m | Filtered0: 0.282084 m | Filtered1: 0.273606 m | Middle: 0.281794 m | Expected: 0.313790 m | Method: direct | Mode: TEST
Time: 388.09s | Raw0: 0.29 m | Raw1: 0.26 m | Filtered0: 0.282274 m | Filtered1: 0.273398 m | Middle: 0.281955 m | Expected: 0.313790 m | Method: direct | Mode: TEST
Time: 388.21s | Raw0: 0.29 m | Raw1: 0.27 m | Filtered0: 0.282457 m | Filtered1: 0.273432 m | Middle: 0.282128 m | Expected: 0.313790 m | Method: direct | Mode: TEST
Time: 389.30s | Raw0: 0.29 m | Raw1: 0.27 m | Filtered0: 0.282634 m | Filtered1: 0.273465 m | Middle: 0.282294 m | Expected: 0.313790 m | Method: direct | Mode: TEST
Time: 389.42s | Raw0: 0.29 m | Raw1: 0.27 m | Filtered0: 0.282804 m | Filtered1: 0.273497 m | Middle: 0.282454 m | Expected: 0.313790 m | Method: direct | Mode: TEST
Time: 390.61s | Raw0: 0.29 m | Raw1: 0.27 m | Filtered0: 0.282968 m | Filtered1: 0.273528 m | Middle: 0.282608 m | Expected: 0.313790 m | Method: direct | Mode: TEST
Time: 390.73s | Raw0: 0.29 m | Raw1: 0.27 m | Filtered0: 0.283126 m | Filtered1: 0.273557 m | Middle: 0.282756 m | Expected: 0.313790 m | Method: direct | Mode: TEST
Time: 391.83s | Raw0: 0.30 m | Raw1: 0.27 m | Filtered0: 0.283604 m | Filtered1: 0.273586 m | Middle: 0.283198 m | Expected: 0.313790 m | Method: direct | Mode: TEST
Time: 391.95s | Raw0: 0.30 m | Raw1: 0.27 m | Filtered0: 0.284089 m | Filtered1: 0.273613 m | Middle: 0.283645 m | Expected: 0.313790 m | Method: direct | Mode: TEST
Time: 393.14s | Raw0: 0.29 m | Raw1: 0.27 m | Filtered0: 0.284221 m | Filtered1: 0.273640 m | Middle: 0.283768 m | Expected: 0.313790 m | Method: direct | Mode: TEST
Time: 393.26s | Raw0: 0.29 m | Raw1: 0.27 m | Filtered0: 0.284346 m | Filtered1: 0.273665 m | Middle: 0.283885 m | Expected: 0.313790 m | Method: direct | Mode: TEST
Time: 394.36s | Raw0: 0.29 m | Raw1: 0.27 m | Filtered0: 0.284465 m | Filtered1: 0.273690 m | Middle: 0.283995 m | Expected: 0.313790 m | Method: direct | Mode: TEST
Time: 394.48s | Raw0: 0.29 m | Raw1: 0.27 m | Filtered0: 0.284578 m | Filtered1: 0.273714 m | Middle: 0.284101 m | Expected: 0.313790 m | Method: direct | Mode: TEST
Time: 395.67s | Raw0: 0.29 m | Raw1: 0.27 m | Filtered0: 0.284686 m | Filtered1: 0.273737 m | Middle: 0.284201 m | Expected: 0.313790 m | Method: direct | Mode: TEST
Time: 395.79s | Raw0: 0.29 m | Raw1: 0.27 m | Filtered0: 0.284788 m | Filtered1: 0.273759 m | Middle: 0.284296 m | Expected: 0.313790 m | Method: direct | Mode: TEST
Time: 396.89s | Raw0: 0.29 m | Raw1: 0.27 m | Filtered0: 0.284886 m | Filtered1: 0.273781 m | Middle: 0.284386 m | Expected: 0.313790 m | Method: direct | Mode: TEST
Time: 397.01s | Raw0: 0.29 m | Raw1: 0.27 m | Filtered0: 0.284979 m | Filtered1: 0.273802 m | Middle: 0.284473 m | Expected: 0.313790 m | Method: direct | Mode: TEST
Time: 398.30s | Raw0: 0.28 m | Raw1: 0.27 m | Filtered0: 0.284752 m | Filtered1: 0.273822 m | Middle: 0.284268 m | Expected: 0.313790 m | Method: direct | Mode: TEST
Time: 398.42s | Raw0: 0.28 m | Raw1: 0.27 m | Filtered0: 0.284530 m | Filtered1: 0.273842 m | Middle: 0.284067 m | Expected: 0.313790 m | Method: direct | Mode: TEST
Time: 399.42s | Raw0: 0.28 m | Raw1: 0.27 m | Filtered0: 0.284313 m | Filtered1: 0.273861 m | Middle: 0.283871 m | Expected: 0.313790 m | Method: direct | Mode: TEST
Time: 399.54s | Raw0: 0.28 m | Raw1: 0.27 m | Filtered0: 0.284102 m | Filtered1: 0.273879 m | Middle: 0.283679 m | Expected: 0.313790 m | Method: direct | Mode: TEST
Time: 400.83s | Raw0: 0.29 m | Raw1: 0.27 m | Filtered0: 0.284222 m | Filtered1: 0.273897 m | Middle: 0.283790 m | Expected: 0.313790 m | Method: direct | Mode: TEST
Time: 400.95s | Raw0: 0.29 m | Raw1: 0.26 m | Filtered0: 0.284337 m | Filtered1: 0.273720 m | Middle: 0.283880 m | Expected: 0.313790 m | Method: direct | Mode: TEST
